Keyword,Seed keyword,Volume,Keyword Difficulty,Intent,SERP Features,Trend,Click potential,Competitor on TOP 10 #1,Competitor on TOP 10 #2,Competitor on TOP 10 #3,Competitor on TOP 10 #4,Competitor on TOP 10 #5,Competitor on TOP 10 #6,Competitor on TOP 10 #7,Competitor on TOP 10 #8,Competitor on TOP 10 #9,Competitor on TOP 10 #10
what do colleges want to know about you,how does college admissions work,30,18,Informational,"People Also Ask, AI Overview, Site Links, Video, Related Searches, People Also Search","0.22,0.22,0.22,0.44,0.22,0.22,0.33,0.55,0.55,0.22,0.22,0.22",0,https://www.collegedata.com/resources/getting-in/9-personal-qualities-colleges-look-for-in-applicants,https://bigfuture.collegeboard.org/plan-for-college/stand-out-in-high-school/character-counts-what-are-colleges-looking-for,https://www.collegeessayguy.com/blog/what-do-colleges-look-for-in-students,https://www.quora.com/What-should-you-put-on-a-college-application-when-they-ask-what-else-should-we-know-about-you,https://www.reddit.com/r/ApplyingToCollege/comments/cbkfxk/what_do_colleges_look_for_in_admissions/,https://blog.collegevine.com/ten-skills-to-highlight-in-your-college-applications,https://www.careervillage.org/questions/659057/what-do-colleges-look-for-on-an-application,https://www.coalitionforcollegeaccess.org/mycoalition-counselor-all/harvard-what-colleges-are-looking-for,https://www.careervillage.org/questions/886563/what-attributes-are-colleges-look-for-in-a-person,https://www.collegedata.com/resources/getting-in/what-do-colleges-look-for-in-students
what do colleges like to see on applications,what looks good on a college application,30,27,Informational,"Image Pack, People Also Ask, Site Links, Video, Related Searches","0.71,0.57,0.42,0.57,0.28,0.28,0.28,0.28,0.42,0.42,0.28,0.57",0,https://www.princetonreview.com/college-advice/what-looks-good-on-college-applications,https://www.asvabprogram.com/media-center-article/54,https://www.collegedata.com/resources/getting-in/what-do-colleges-look-for-in-students,https://www.reddit.com/r/ApplyingToCollege/comments/180d1l1/what_do_colleges_look_at_hypsm_ivies_and_others/,https://www.qu.edu/quinnipiac-today/what-do-colleges-look-for-in-applicants-1222/,https://www.careervillage.org/questions/659057/what-do-colleges-look-for-on-an-application,https://www.collegeessayguy.com/blog/what-do-colleges-look-for-in-students,https://www.quora.com/When-considering-a-student-for-admissions-what-do-most-colleges-look-at,https://www.collegedata.com/resources/getting-in/9-personal-qualities-colleges-look-for-in-applicants,https://www.collegevine.com/questions/27623/what-colleges-like-to-see
what do colleges want,things that look good on a college application,30,24,Informational,"People Also Ask, AI Overview, Site Links, Video, Related Searches","0.28,0.28,0.28,0.71,0.28,0.28,0.28,0.71,1.00,0.42,0.28,0.57",0,https://www.collegedata.com/resources/getting-in/what-do-colleges-look-for-in-students,https://www.collegeessayguy.com/blog/what-do-colleges-look-for-in-students,https://bigfuture.collegeboard.org/plan-for-college/stand-out-in-high-school/character-counts-what-are-colleges-looking-for,https://www.asvabprogram.com/media-center-article/54,https://www.coalitionforcollegeaccess.org/mycoalition-counselor-all/harvard-what-colleges-are-looking-for,https://www.princetonreview.com/college-advice/what-looks-good-on-college-applications,https://www.reddit.com/r/ApplyingToCollege/comments/cbkfxk/what_do_colleges_look_for_in_admissions/,https://www.nshss.org/resources/blog/blog-posts/what-do-colleges-look-for-in-a-student/,https://www.luther.edu/inside-college-admissions/post/what-do-colleges-want-to-see-on-applications,https://www.quora.com/What-are-some-qualities-or-experiences-that-can-make-a-college-applicant-stand-out-as-having-potential
what do colleges like to see,do colleges like sports or clubs better,40,27,Informational,"People Also Ask, Site Links, Video, Related Searches","0.09,0.09,0.14,0.14,0.19,0.09,0.14,0.33,0.23,0.19,0.09,0.52",0,https://www.collegedata.com/resources/getting-in/what-do-colleges-look-for-in-students,https://www.collegeessayguy.com/blog/what-do-colleges-look-for-in-students,https://www.asvabprogram.com/media-center-article/54,https://www.qu.edu/quinnipiac-today/what-do-colleges-look-for-in-applicants-1222/,https://www.reddit.com/r/ApplyingToCollege/comments/180d1l1/what_do_colleges_look_at_hypsm_ivies_and_others/,https://www.princetonreview.com/college-advice/what-looks-good-on-college-applications,https://www.coalitionforcollegeaccess.org/mycoalition-counselor-all/harvard-what-colleges-are-looking-for,https://bigfuture.collegeboard.org/plan-for-college/stand-out-in-high-school/character-counts-what-are-colleges-looking-for,https://www.quora.com/When-considering-a-student-for-admissions-what-do-most-colleges-look-at,https://www.nshss.org/resources/blog/blog-posts/what-do-colleges-look-for-in-a-student/
5 key criteria for college admissions,college decisions,40,10,Informational,"Image Pack, People Also Ask, Video, Related Searches",1.00,0,https://www.myprompt.com/post/the-5-traits-colleges-look-for-in-applicants,https://www.collegedata.com/resources/getting-in/what-do-colleges-look-for-in-students,https://www.alexiscollegexpert.com/blog/5-essential-college-admissions-requirements-you-need-to-get-accepted,https://bigfuture.collegeboard.org/plan-for-college/apply-to-college/5-things-you-need-to-know-about-college-admission,https://www.nacacnet.org/factors-in-the-admission-decision/,https://www.srs.gov/general/outreach/edoutrch/counseling_center_docs/The%2010%20Most%20Important%20Factors%20in%20College%20Admissions.pdf,https://www.collegeessayguy.com/blog/what-do-colleges-look-for-in-students,https://www.tuitionrewards.com/newsroom/articles/713/decoding-college-admissions-criteria-what-do-colleges-really-look-for,https://www.teenlife.com/blog/top-5-factors-considered-college-admissions-process/,https://www.tbcs.org/community/blog/post/~board/bear-creek-board/post/top-five-qualities-that-colleges-want
what do college admissions officers look for,how does college admissions work,40,17,Informational,"People Also Ask, AI Overview, Site Links, Video, Related Searches, People Also Search","0.04,0.09,0.04,0.09,0.04,0.14,0.23,0.33,0.42,0.23,0.09,0.23",0,https://www.coalitionforcollegeaccess.org/mycoalition-counselor-all/harvard-what-colleges-are-looking-for,https://www.reddit.com/r/ApplyingToCollege/comments/1gmq6b1/admissions_officers_what_do_you_see/,https://counselors.collegeboard.org/college-application/admission-decisions,https://www.collegeessayguy.com/blog/what-do-colleges-look-for-in-students,https://www.forbes.com/sites/jinchow/2023/11/20/the-7-most-desirable-traits-that-admissions-officers-look-for/,https://www.quora.com/What-do-college-admissions-officers-look-for-in-a-personal-essay,https://www.ivywise.com/ivywise-knowledgebase/3-things-admissions-officers-look-for-in-students/,https://www.careervillage.org/questions/720203/what-are-things-college-admission-officers-look-for-in-an-applicants-essay-what-type-of-essays-do-admission-officers-generally-dislike-spring23,https://www.ivywise.com/ivywise-knowledgebase/how-college-applications-are-evaluated/,https://www.asvabprogram.com/media-center-article/54
skills colleges look for,things that look good on a college application,50,29,Informational,"People Also Ask, Site Links, Reviews, Video, Related Searches, People Also Search","0.11,0.11,0.19,0.19,0.07,0.11,0.19,0.42,0.53,0.26,0.11,0.15",0,https://www.collegedata.com/resources/getting-in/9-personal-qualities-colleges-look-for-in-applicants,https://blog.collegevine.com/ten-skills-to-highlight-in-your-college-applications,https://bigfuture.collegeboard.org/plan-for-college/stand-out-in-high-school/character-counts-what-are-colleges-looking-for,https://www.careervillage.org/questions/886563/what-attributes-are-colleges-look-for-in-a-person,https://www.collegeessayguy.com/blog/what-do-colleges-look-for-in-students,https://www.reddit.com/r/ApplyingToCollege/comments/18kkc1j/what_type_of_personal_traits_college_look_for/,https://www.asvabprogram.com/media-center-article/54,https://www.princetonreview.com/college-advice/what-looks-good-on-college-applications,https://www.quora.com/What-are-some-qualities-or-experiences-that-can-make-a-college-applicant-stand-out-as-having-potential,https://www.quora.com/What-are-the-skills-that-Ivy-League-colleges-look-for-in-a-student
what do colleges look like,things that look good on a college application,50,25,Informational,"Image Pack, People Also Ask, Site Links, Video, Image, Related Searches","0.45,0.45,0.63,0.45,0.45,0.45,0.63,0.63,0.45,0.45,0.45,0.45",0,https://www.collegedata.com/resources/getting-in/what-do-colleges-look-for-in-students,https://www.asvabprogram.com/media-center-article/54,https://www.reddit.com/r/ApplyingToCollege/comments/180d1l1/what_do_colleges_look_at_hypsm_ivies_and_others/,https://www.princetonreview.com/college-advice/what-looks-good-on-college-applications,https://www.coalitionforcollegeaccess.org/mycoalition-counselor-all/harvard-what-colleges-are-looking-for,https://www.quora.com/When-considering-a-student-for-admissions-what-do-most-colleges-look-at,https://www.crimsoneducation.org/us/blog/what-looks-good-on-college-applications/,https://bold.org/blog/what-does-a-college-application-look-like/,https://www.careervillage.org/questions/659057/what-do-colleges-look-for-on-an-application,https://blog.prepscholar.com/what-looks-good-on-a-college-application
what do colleges look for in high school students,how does college admissions work,70,23,Informational,"Image Pack, People Also Ask, AI Overview, Site Links, Video, Related Searches","0.19,0.26,0.15,0.15,0.15,0.11,0.19,0.26,0.15,0.53,0.34,0.42",0,https://www.asvabprogram.com/media-center-article/54,https://www.nshss.org/resources/blog/blog-posts/what-do-colleges-look-for-in-a-student/,https://www.iecaonline.com/resource/top-12-strengths-experiences-colleges-look-for-in-high-school-students/,https://bigfuture.collegeboard.org/plan-for-college/stand-out-in-high-school/high-school-classes-colleges-look-for,https://nytedu.com/blog/college-applications-a-guide-for-high-school-students/,http://www.collegedata.com/resources/getting-in/what-do-colleges-look-for-in-students,https://www.collegeessayguy.com/blog/what-do-colleges-look-for-in-students,https://bigfuture.collegeboard.org/plan-for-college/stand-out-in-high-school/character-counts-what-are-colleges-looking-for,https://admissions.usf.edu/blog/what-high-school-classes-do-colleges-look-for-on-applications,https://www.coalitionforcollegeaccess.org/mycoalition-counselor-all/harvard-what-colleges-are-looking-for
what do colleges look at when applying,how do college admissions work,90,27,Informational,"Image Pack, People Also Ask, Discussions And Forums, AI Overview, Site Links, Video, Related Searches","0.52,0.64,0.41,0.52,0.52,0.52,0.41,0.64,0.41,0.41,0.64,0.52",0,https://www.collegedata.com/resources/getting-in/what-do-colleges-look-for-in-students,https://www.asvabprogram.com/media-center-article/54,https://www.coalitionforcollegeaccess.org/mycoalition-counselor-all/harvard-what-colleges-are-looking-for,https://www.reddit.com/r/ApplyingToCollege/comments/180d1l1/what_do_colleges_look_at_hypsm_ivies_and_others/,https://bigfuture.collegeboard.org/plan-for-college/stand-out-in-high-school/character-counts-what-are-colleges-looking-for,https://www.princetonreview.com/college-advice/what-looks-good-on-college-applications,https://www.qu.edu/quinnipiac-today/what-do-colleges-look-for-in-applicants-1222/,https://www.quora.com/When-considering-a-student-for-admissions-what-do-most-colleges-look-at,https://www.collegeessayguy.com/blog/what-do-colleges-look-for-in-students,https://www.coalitionforcollegeaccess.org/mycoalition-counselor-all/behind-the-scenes-of-admissions-how-college-applications-are-reviewed
what do universities look for,things that look good on a college application,90,32,Informational,"People Also Ask, AI Overview, Site Links, Video, Related Searches","0.21,0.21,0.34,0.34,0.21,0.21,0.34,0.43,0.34,0.28,0.15,0.34",0,https://www.collegedata.com/resources/getting-in/what-do-colleges-look-for-in-students,https://www.collegeessayguy.com/blog/what-do-colleges-look-for-in-students,https://www.asvabprogram.com/media-center-article/54,https://www.crimsoneducation.org/us/blog/what-looks-good-on-college-applications/,https://www.quora.com/What-do-colleges-focus-on-the-most-when-choosing-incoming-students,https://www.careervillage.org/questions/659057/what-do-colleges-look-for-on-an-application,https://bigfuture.collegeboard.org/plan-for-college/stand-out-in-high-school/character-counts-what-are-colleges-looking-for,https://www.coalitionforcollegeaccess.org/mycoalition-counselor-all/harvard-what-colleges-are-looking-for,https://www.reddit.com/r/ApplyingToCollege/comments/180d1l1/what_do_colleges_look_at_hypsm_ivies_and_others/,https://www.princetonreview.com/college-advice/what-looks-good-on-college-applications
what do colleges look at besides grades,things that look good on a college application,140,17,Informational,"People Also Ask, AI Overview, Site Links, Video, Related Searches","0.66,0.66,0.66,0.80,0.42,1.00,1.00,0.52,0.42,0.33,0.52,0.52",0,https://www.princetonreview.com/college-advice/what-looks-good-on-college-applications,https://kdcollegeprep.com/what-do-colleges-look-for-besides-grades/,https://www.reddit.com/r/ApplyingToCollege/comments/17pclo6/what_other_than_grades_do_i_mostly_need_to_worry/,http://www.collegedata.com/resources/getting-in/what-do-colleges-look-for-in-students,https://bigfuture.collegeboard.org/plan-for-college/stand-out-in-high-school/character-counts-what-are-colleges-looking-for,https://www.collegeessayguy.com/blog/what-do-colleges-look-for-in-students,https://www.coalitionforcollegeaccess.org/mycoalition-counselor-all/harvard-what-colleges-are-looking-for,https://www.quora.com/What-do-colleges-truly-look-for-Im-an-on-level-student-always-been-pretty-average-my-parents-get-mad-with-my-grades-obviously,https://www.asvabprogram.com/media-center-article/54,https://empowerly.com/grade-levels/high-school/when-do-colleges-start-looking-at-your-grades/
what do colleges look for in applicants,how does college admissions work,210,28,Informational,"People Also Ask, Site Links, Video, Related Searches","0.26,0.21,0.26,0.32,0.14,0.11,0.14,0.21,0.17,0.21,0.17,0.21",0,http://www.collegedata.com/resources/getting-in/what-do-colleges-look-for-in-students,https://www.collegeessayguy.com/blog/what-do-colleges-look-for-in-students,https://bigfuture.collegeboard.org/plan-for-college/stand-out-in-high-school/character-counts-what-are-colleges-looking-for,https://www.asvabprogram.com/media-center-article/54,https://www.reddit.com/r/ApplyingToCollege/comments/180d1l1/what_do_colleges_look_at_hypsm_ivies_and_others/,https://www.coalitionforcollegeaccess.org/mycoalition-counselor-all/harvard-what-colleges-are-looking-for,https://www.quora.com/What-do-colleges-focus-on-the-most-when-choosing-incoming-students,https://www.princetonreview.com/college-advice/what-looks-good-on-college-applications,https://www.qu.edu/quinnipiac-today/what-do-colleges-look-for-in-applicants-1222/,https://www.collegedata.com/resources/getting-in/9-personal-qualities-colleges-look-for-in-applicants
what are colleges looking for in students,how does college admissions work,210,19,Informational,"Image Pack, People Also Ask, AI Overview, Site Links, Video, Related Searches","0.53,0.53,0.53,0.53,0.35,0.35,0.66,1.00,0.66,0.53,0.43,0.53",0,https://www.collegedata.com/resources/getting-in/what-do-colleges-look-for-in-students,https://www.collegeessayguy.com/blog/what-do-colleges-look-for-in-students,https://bigfuture.collegeboard.org/plan-for-college/stand-out-in-high-school/character-counts-what-are-colleges-looking-for,https://www.coalitionforcollegeaccess.org/mycoalition-counselor-all/harvard-what-colleges-are-looking-for,https://www.asvabprogram.com/media-center-article/54,https://www.reddit.com/r/ApplyingToCollege/comments/180d1l1/what_do_colleges_look_at_hypsm_ivies_and_others/,https://www.quora.com/When-considering-a-student-for-admissions-what-do-most-colleges-look-at,https://www.careervillage.org/questions/659057/what-do-colleges-look-for-on-an-application,https://www.nshss.org/resources/blog/blog-posts/what-do-colleges-look-for-in-a-student/,https://www.careervillage.org/questions/845729/what-are-college-admissions-looking-for-in-highschool-students
what do colleges look for,how does college admissions work,1600,24,Informational,"People Also Ask, AI Overview, Site Links, Video, Related Searches","0.79,0.66,0.66,0.66,0.41,0.36,0.66,0.79,0.79,0.66,0.54,0.79",0,http://www.collegedata.com/resources/getting-in/what-do-colleges-look-for-in-students,https://bigfuture.collegeboard.org/plan-for-college/stand-out-in-high-school/character-counts-what-are-colleges-looking-for,https://www.asvabprogram.com/media-center-article/54,https://www.reddit.com/r/ApplyingToCollege/comments/180d1l1/what_do_colleges_look_at_hypsm_ivies_and_others/,https://www.collegeessayguy.com/blog/what-do-colleges-look-for-in-students,https://www.coalitionforcollegeaccess.org/mycoalition-counselor-all/harvard-what-colleges-are-looking-for,https://bigfuture.collegeboard.org/plan-for-college/stand-out-in-high-school/high-school-classes-colleges-look-for,https://www.quora.com/What-do-colleges-focus-on-the-most-when-choosing-incoming-students,https://www.qu.edu/quinnipiac-today/what-do-colleges-look-for-in-applicants-1222/,https://www.careervillage.org/questions/913582/what-do-colleges-really-look-for-in-a-student-and-their-work
what do college admissions look for,how does college admissions work,90,21,Informational,"People Also Ask, AI Overview, Site Links, Video, Related Searches","0.52,0.42,0.66,0.42,0.33,0.19,0.23,0.52,0.42,0.33,0.33,0.33",0,https://www.collegedata.com/resources/getting-in/what-do-colleges-look-for-in-students,https://www.collegeessayguy.com/blog/what-do-colleges-look-for-in-students,https://bigfuture.collegeboard.org/plan-for-college/stand-out-in-high-school/character-counts-what-are-colleges-looking-for,https://www.coalitionforcollegeaccess.org/mycoalition-counselor-all/harvard-what-colleges-are-looking-for,https://www.reddit.com/r/ApplyingToCollege/comments/180d1l1/what_do_colleges_look_at_hypsm_ivies_and_others/,https://www.asvabprogram.com/media-center-article/54,https://www.quora.com/What-do-college-admissions-officers-look-for-in-a-personal-essay,https://www.tuitionrewards.com/newsroom/articles/713/decoding-college-admissions-criteria-what-do-colleges-really-look-for,https://www.careervillage.org/questions/976920/what-do-the-colleges-look-for-in-your-application-and-how-to-know-what-college-is-the-best-choice,https://www.collegedata.com/resources/getting-in/9-personal-qualities-colleges-look-for-in-applicants
how to start a personal essay,how to start a college essay,590,11,Informational,"Image Pack, People Also Ask, AI Overview, Site Links, Reviews, Video, Related Searches","0.36,0.30,0.24,0.30,0.13,0.10,0.55,1.00,0.62,0.30,0.20,0.36",0,https://www.indeed.com/career-advice/career-development/how-to-write-a-personal-essay,https://www.reddit.com/r/ApplyingToCollege/comments/kigipy/the_procrastinators_guide_to_super_quick_super/,https://hbr.org/2021/12/how-to-a-personal-essay-for-your-college-application,https://marionroach.com/2019/02/how-to-write-a-personal-essay-go-small-to-reveal-lifes-large-themes/,https://www.quora.com/How-can-I-start-a-personal-essay,https://www.stjohns.edu/news-media/johnnies-blog/personal-essay-tips-for-college-admissions,https://www.collegeessayguy.com/blog/personal-statement,https://www.writersdigest.com/write-better-nonfiction/how-to-write-compelling-personal-essays-9-ingredients-for-spicing-up-your-writing,https://www.collegevine.com/questions/39130/how-do-l-start-my-personal-essay,https://www.authormagazine.org/articles/2024/3/hoffman
how to write a personal essay,how to start a college essay,720,50,Informational,"Image Pack, People Also Ask, AI Overview, Site Links, Reviews, Video, Featured Snippet, Related Searches","0.55,0.36,0.24,0.36,0.24,0.20,0.45,0.81,0.62,0.36,0.30,0.36",0,https://www.writersdigest.com/write-better-nonfiction/how-to-write-compelling-personal-essays-9-ingredients-for-spicing-up-your-writing,https://www.reddit.com/r/ApplyingToCollege/comments/kigipy/the_procrastinators_guide_to_super_quick_super/,https://www.masterclass.com/articles/how-to-write-a-personal-essay,https://www.stjohns.edu/news-media/johnnies-blog/personal-essay-tips-for-college-admissions,https://www.collegeessayguy.com/blog/personal-statement,https://medium.com/creators-hub/how-to-write-an-essay-everyone-wants-to-read-5ed133ea0bd3,https://www.indeed.com/career-advice/career-development/how-to-write-a-personal-essay,https://admissions.vanderbilt.edu/vandybloggers/2013/09/how-to-write-your-personal-essay/,https://www.youtube.com/watch?v=k5H2XL0G9gI,https://hbr.org/2021/12/how-to-a-personal-essay-for-your-college-application
how to begin a college essay,how to start a college essay,110,20,Informational,"Image Pack, People Also Ask, Short Videos, Site Links, Reviews, Video, Related Searches","0.01,0.01,0.01,0.02,0.01,0.02,0.04,0.04,0.05,0.02,0.02,0.02",0,https://www.collegeessayguy.com/blog/how-to-start-college-essay,https://summer.harvard.edu/blog/12-strategies-to-writing-the-perfect-college-essay/,https://www.reddit.com/r/ApplyingToCollege/comments/8jk12t/how_to_start_an_essay_show_dont_tell_and_showcase/,https://www.quora.com/How-do-you-start-off-a-college-essay-about-yourself-What-is-the-best-way-to-answer-Why-did-you-choose-this-university,https://hbr.org/2021/12/how-to-a-personal-essay-for-your-college-application,https://www.collegevine.com/faq/34302/looking-for-college-essay-starter-ideas,https://www.youtube.com/watch?v=E5SmMV9-UbM,https://www.careervillage.org/questions/759318/how-do-you-start-your-college-essays,https://www.wyzant.com/resources/answers/924452/what-are-some-great-tips-for-starting-my-college-essay,https://www.act.org/content/act/en/students-and-parents/college-planning-resources/applying-to-college/6-tips-to-crafting-a-stellar-application-essay.html
best way to start a college essay,how to start a college essay,110,14,"Informational, Commercial","People Also Ask, Short Videos, Site Links, Related Searches","0.12,0.09,0.06,0.15,0.12,0.28,0.65,1.00,0.65,0.28,0.21,0.21",0,https://www.collegeessayguy.com/blog/how-to-start-college-essay,https://summer.harvard.edu/blog/12-strategies-to-writing-the-perfect-college-essay/,https://www.reddit.com/r/ApplyingToCollege/comments/8jk12t/how_to_start_an_essay_show_dont_tell_and_showcase/,https://www.quora.com/How-do-you-start-off-a-college-essay-about-yourself-What-is-the-best-way-to-answer-Why-did-you-choose-this-university,https://www.careervillage.org/questions/759318/how-do-you-start-your-college-essays,https://blog.collegevine.com/how-to-start-a-college-essay,https://www.stjohns.edu/news-media/johnnies-blog/personal-essay-tips-for-college-admissions,https://www.wyzant.com/resources/answers/924452/what-are-some-great-tips-for-starting-my-college-essay,https://www.usnews.com/education/best-colleges/articles/how-to-write-a-college-essay,https://www.collegevine.com/faq/34302/looking-for-college-essay-starter-ideas
do i need to write a college essay,how to start a college essay,170,41,Informational,"People Also Ask, Site Links, Reviews, Video, Featured Snippet, Related Searches","0.00,0.00,0.00,0.00,0.00,1.00,0.00,0.00,0.00,0.00,0.00,0.00",0,https://go.collegewise.com/college-application-without-essay,https://www.reddit.com/r/AskAnAmerican/comments/lydbyw/do_you_have_to_write_a_different_essay_for_every/,https://summer.harvard.edu/blog/12-strategies-to-writing-the-perfect-college-essay/,https://www.coalitionforcollegeaccess.org/mycoalition-counselor-all/how-to-write-and-not-write-a-college-essay,https://www.quora.com/Do-all-colleges-ask-for-an-essay-on-why-the-applicant-wants-to-join-the-college,https://blog.collegevine.com/how-many-common-app-essays-are-required,https://hbr.org/2021/12/how-to-a-personal-essay-for-your-college-application,https://bigfuture.collegeboard.org/plan-for-college/apply-to-college/application-process/tips-for-writing-an-effective-application-essay,https://www.internationalstudent.com/essay_writing/colleges-that-dont-require-an-admission-essay/,https://www.collegeessayguy.com/blog/how-important-is-college-essay
ways to start college essay,how to start a college essay,170,31,Informational,"Image Pack, People Also Ask, Site Links, Video, Related Searches","0.00,0.00,0.00,0.01,0.01,0.01,0.03,0.06,1.00,0.01,0.00,0.00",0,https://www.collegeessayguy.com/blog/how-to-start-college-essay,https://summer.harvard.edu/blog/12-strategies-to-writing-the-perfect-college-essay/,https://www.reddit.com/r/ApplyingToCollege/comments/8jk12t/how_to_start_an_essay_show_dont_tell_and_showcase/,https://www.quora.com/How-do-you-start-off-a-college-essay-about-yourself-What-is-the-best-way-to-answer-Why-did-you-choose-this-university,https://www.careervillage.org/questions/759318/how-do-you-start-your-college-essays,https://blog.collegevine.com/how-to-start-a-college-essay,https://www.youtube.com/watch?v=E5SmMV9-UbM,https://www.wyzant.com/resources/answers/924452/what-are-some-great-tips-for-starting-my-college-essay,https://bigfuture.collegeboard.org/plan-for-college/apply-to-college/application-process/6-tips-for-crafting-your-best-college-essay,https://www.scribbr.com/college-essay/introduction-college-essay/
application essay,how to start a college essay,390,69,Informational,"People Also Ask, Things To Know, AI Overview, Knowledge Panel, Site Links, Video, Image, Related Searches","0.13,0.13,0.16,0.30,0.24,0.24,0.30,0.45,0.45,0.30,0.13,0.76",0,https://www.collegeessayguy.com/blog/college-essay-examples,https://bigfuture.collegeboard.org/plan-for-college/apply-to-college/application-process/tips-for-writing-an-effective-application-essay,https://www.usnews.com/education/best-colleges/articles/how-to-write-a-college-essay,https://www.internationalstudent.com/essay_writing/college_essay/,https://counselors.collegeboard.org/college-application/essay,https://summer.harvard.edu/blog/12-strategies-to-writing-the-perfect-college-essay/,https://apply.jhu.edu/college-planning-guide/essays-that-worked/,https://en.wikipedia.org/wiki/Application_essay,https://www.topuniversities.com/student-info/admissions-advice/how-write-great-college-application-essay,https://www.stjohns.edu/news-media/johnnies-blog/personal-essay-tips-for-college-admissions
how to start a college essay,how to start a college essay,4400,20,Informational,"People Also Ask, Site Links, Video, Featured Snippet, Related Searches","0.08,0.08,0.08,0.19,0.19,0.24,0.36,0.54,0.44,0.24,0.19,0.36",0,https://summer.harvard.edu/blog/12-strategies-to-writing-the-perfect-college-essay/,https://www.collegeessayguy.com/blog/how-to-start-college-essay,https://www.reddit.com/r/ApplyingToCollege/comments/8jk12t/how_to_start_an_essay_show_dont_tell_and_showcase/,https://www.quora.com/How-do-you-start-off-a-college-essay-about-yourself-What-is-the-best-way-to-answer-Why-did-you-choose-this-university,https://hbr.org/2021/12/how-to-a-personal-essay-for-your-college-application,https://www.collegevine.com/faq/34302/looking-for-college-essay-starter-ideas,https://www.stjohns.edu/news-media/johnnies-blog/personal-essay-tips-for-college-admissions,https://www.careervillage.org/questions/759318/how-do-you-start-your-college-essays,https://www.wyzant.com/resources/answers/924452/what-are-some-great-tips-for-starting-my-college-essay,https://www.collegeessayguy.com/blog/college-essay-format
how to start a personal essay for college,how to start a college essay,110,33,Informational,"Image Pack, People Also Ask, Discussions And Forums, Site Links, Video, Related Searches","0.28,0.17,0.23,0.17,0.10,0.12,0.43,0.53,0.53,0.23,0.17,0.17",0,https://www.collegeessayguy.com/blog/how-to-start-college-essay,https://summer.harvard.edu/blog/12-strategies-to-writing-the-perfect-college-essay/,https://hbr.org/2021/12/how-to-a-personal-essay-for-your-college-application,https://www.quora.com/How-do-you-start-off-a-college-essay-about-yourself-What-is-the-best-way-to-answer-Why-did-you-choose-this-university,https://www.stjohns.edu/news-media/johnnies-blog/personal-essay-tips-for-college-admissions,https://bigfuture.collegeboard.org/plan-for-college/apply-to-college/application-process/tips-for-writing-an-effective-application-essay,https://www.careervillage.org/questions/759318/how-do-you-start-your-college-essays,https://www.act.org/content/act/en/students-and-parents/college-planning-resources/applying-to-college/6-tips-to-crafting-a-stellar-application-essay.html,https://www.reddit.com/r/ApplyingToCollege/comments/lek2kg/when_should_i_start_writing_my_college_essays/,https://www.collegeessayguy.com/blog/personal-statement
personal essay for college format,college essay outline,210,47,Informational,"Image Pack, People Also Ask, Site Links, Video, Related Searches","0.00,0.00,0.00,0.00,0.00,1.00,0.00,0.01,0.01,0.00,0.00,0.01",0,https://www.collegeessayguy.com/blog/college-essay-format,https://bigfuture.collegeboard.org/plan-for-college/apply-to-college/application-process/tips-for-writing-an-effective-application-essay,https://hbr.org/2021/12/how-to-a-personal-essay-for-your-college-application,https://blog.wordvice.com/how-to-format-a-college-admissions-essay/,https://www.online.drexel.edu/support/supporting-documents/essays.aspx,https://summer.harvard.edu/blog/12-strategies-to-writing-the-perfect-college-essay/,https://www.reddit.com/r/ApplyingToCollege/comments/ps6dbh/what_does_an_elite_01_college_essay_actually_look/,https://www.quora.com/Can-you-provide-an-example-of-a-well-written-personal-essay-for-college-admissions-How-should-one-approach-writing-it-and-why-is-it-crucial-for-college-applications,https://www.stjohns.edu/news-media/johnnies-blog/personal-essay-tips-for-college-admissions,https://flexcollegeprep.com/college-application-essay-format/
college essay tutor,admissions essay consultant,590,22,Informational,"Knowledge Panel, People Also Ask, Site Links, Video, Related Searches","0.08,0.10,0.13,0.16,0.20,0.24,1.00,0.36,0.24,0.10,0.10,0.20",0,https://www.wyzant.com/College_Essays_tutors.aspx,https://www.collegeessayguy.com/,https://www.collegeessaymentor.com/,https://www.princetonreview.com/academic-tutoring/subjects/essay-writing,https://www.susierinehart.com/college-essay-coaching/,https://preply.com/en/tutor/1948151,https://www.shelleystenhouse.com/,https://www.indeed.com/q-college-essay-tutor-jobs.html,https://prepmaven.com/blog/applying/best-college-essay-service/,https://www.princetontutoring.com/college-essay/
college admissions essay tutor,admissions essay consultant,40,15,Commercial,"People Also Ask, Site Links, Reviews, Video, Related Searches","0.19,0.14,0.09,0.14,0.09,0.14,0.09,0.14,0.00,0.00,0.00,1.00",0,https://www.wyzant.com/college_essay_tutors.aspx,https://www.collegeessayguy.com/,https://www.princetonreview.com/academic-tutoring/subjects/essay-writing,https://prepmaven.com/blog/applying/best-college-essay-service/,https://www.susierinehart.com/college-essay-coaching/,https://preply.com/en/tutor/1948151,https://www.collegeessaymentor.com/,https://www.ajtutoring.com/college-application-essay-coaching/,https://www.varsitytutors.com/college_application_essays-tutors,https://www.berkeleyparentsnetwork.org/recommend/writing-tutors-college-essays
university essay tutor,admissions essay consultant,50,14,Informational,"Image Pack, People Also Ask, AI Overview, Reviews, Video, Related Searches","0.26,1.00,0.34,0.07,0.07,0.07,0.07,0.07,0.07,0.00,0.07,0.07",0,http://www.tutor.com/subjects/essay-writing,https://www.wyzant.com/College_Essays_tutors.aspx,https://www.princetonreview.com/academic-tutoring/subjects/essay-writing,https://upchieve.org/tutors/college-essay-tutor,https://www.collegeessayguy.com/,https://www.superprof.com/lessons/essay-writing/united-states/,https://heytutor.com/tutors/essay-writing/,https://www.ajtutoring.com/college-application-essay-coaching/,https://www.susierinehart.com/college-essay-coaching/,https://lessonpal.com/all/college%20essay%20writing/online-tutors
college essay prep tutor,admissions essay consultant,50,14,Commercial,"Image Pack, People Also Ask, Site Links, Reviews, Video, Related Searches","0.19,0.19,0.19,0.14,0.23,0.23,0.19,0.19,0.09,0.04,0.00,0.80",0,https://www.wyzant.com/College_Essays_tutors.aspx,https://prepmaven.com/blog/applying/best-college-essay-service/,https://www.princetonreview.com/academic-tutoring/subjects/essay-writing,https://preply.com/en/tutor/1948151,https://www.susierinehart.com/college-essay-coaching/,https://www.collegeessayguy.com/,https://www.ajtutoring.com/college-application-essay-coaching/,https://www.berkeleyparentsnetwork.org/recommend/writing-tutors-college-essays,https://www.princetontutoring.com/college-essay/,http://www.tutor.com/subjects/essay-writing
common app essay tutor,admissions essay consultant,50,12,Commercial,"Video Carousel, People Also Ask, Site Links, Reviews, Video, Related Searches","0.19,0.14,0.09,0.14,0.14,0.23,0.19,0.23,0.23,0.09,0.09,0.80",0,https://www.wyzant.com/College_Application_Essays_tutors.aspx,https://www.reddit.com/r/ApplyingToCollege/comments/huxsyw/are_tutors_worth_it_for_the_common_app_essay/,https://www.collegeessayguy.com/,https://www.princetontutoring.com/college-essay/,https://prepmaven.com/blog/applying/best-college-essay-service/,https://www.varsitytutors.com/college_application_essays-tutors,https://nurturingwisdom.com/college-application-essays/,https://www.berkeleyparentsnetwork.org/recommend/writing-tutors-college-essays,https://www.quora.com/Are-there-any-websites-that-can-help-with-college-application-essay-writing-and-editing-especially-if-you-have-no-experience-in-this-area,https://www.quora.com/Who-will-check-my-common-app-and-college-essays-to-guide-me
college application essay tutor,admissions essay consultant,70,18,Commercial,"People Also Ask, Site Links, Reviews, Video, Related Searches","0.15,0.11,0.19,0.19,0.19,0.34,0.26,0.26,0.19,0.03,0.03,0.80",0,https://www.wyzant.com/College_Essays_tutors.aspx,https://www.collegeessayguy.com/,https://www.princetonreview.com/academic-tutoring/subjects/essay-writing,https://www.susierinehart.com/college-essay-coaching/,https://prepmaven.com/blog/applying/best-college-essay-service/,https://preply.com/en/tutor/1948151,https://www.princetontutoring.com/college-essay/,https://www.reddit.com/r/ApplyingToCollege/comments/huxsyw/are_tutors_worth_it_for_the_common_app_essay/,https://www.berkeleyparentsnetwork.org/recommend/writing-tutors-college-essays,https://www.varsitytutors.com/college_application_essays-tutors
college essay writing tutor,admissions essay consultant,110,18,Informational,"People Also Ask, Reviews, Video, Related Searches","0.28,0.21,0.28,0.34,0.43,0.53,0.53,0.53,0.43,0.15,0.12,0.81",0,https://www.wyzant.com/College_Essays_tutors.aspx,https://www.princetonreview.com/academic-tutoring/subjects/essay-writing,https://www.collegeessayguy.com/,https://www.susierinehart.com/college-essay-coaching/,https://preply.com/en/tutor/1948151,http://www.tutor.com/subjects/essay-writing,https://prepmaven.com/blog/applying/best-college-essay-service/,https://www.berkeleyparentsnetwork.org/recommend/writing-tutors-college-essays,https://feea.org/2022/07/writing-your-college-essay/,https://www.princetontutoring.com/college-essay/
how to make your college application stand out,things that look good on a college application,90,10,Informational,"Image Pack, People Also Ask, Site Links, Video, Adwords Top, Related Searches","0.35,0.64,1.00,0.50,0.64,0.64,0.78,0.78,0.35,0.50,0.35,0.64",0,https://www.fontbonne.edu/how-to-stand-out-on-college-applications/,https://www.greatvaluecolleges.net/college-prep-tips/standout-applications/,https://www.careervillage.org/questions/816085/what-are-the-best-ways-to-stand-out-in-college-applications-without-burning-myself-out-from-too-many-extracurricular-activities,https://www.reddit.com/r/ApplyingToCollege/comments/gkjasv/how_to_get_noticed_and_stand_out_during_the/,https://www.princetonreview.com/college-advice/what-looks-good-on-college-applications,https://www.quora.com/What-are-some-ways-to-make-your-college-application-stand-out-Can-you-share-any-personal-experiences-that-made-a-significant-impact-on-your-application,https://www.teenlife.com/blog/10-tips-to-stand-out-during-college-admissions/,https://www.wyzant.com/resources/answers/946446/how-can-i-stand-out-in-the-highly-competitive-college-admissions-pool,https://talk.collegeconfidential.com/t/how-to-stand-out-with-a-boring-application/3672343,https://www.collegevine.com/questions/50705/how-i-can-make-my-application-stand-out
how to stand out to colleges,things that look good on a college application,140,14,Informational,"People Also Ask, AI Overview, Site Links, Video, Related Searches, People Also Search","0.34,0.53,0.42,0.65,0.42,0.34,0.53,0.65,0.65,0.53,0.53,0.80",0,https://www.fontbonne.edu/how-to-stand-out-on-college-applications/,https://www.greatvaluecolleges.net/college-prep-tips/standout-applications/,https://www.careervillage.org/questions/816085/what-are-the-best-ways-to-stand-out-in-college-applications-without-burning-myself-out-from-too-many-extracurricular-activities,https://www.reddit.com/r/ApplyingToCollege/comments/gkjasv/how_to_get_noticed_and_stand_out_during_the/,https://www.princetonreview.com/college-advice/what-looks-good-on-college-applications,https://www.wyzant.com/resources/answers/946446/how-can-i-stand-out-in-the-highly-competitive-college-admissions-pool,https://bigfuture.collegeboard.org/plan-for-college/stand-out-in-high-school,https://talk.collegeconfidential.com/t/how-to-stand-out-with-a-boring-application/3672343,https://www.quora.com/What-are-some-ways-to-make-your-college-application-stand-out-Can-you-share-any-personal-experiences-that-made-a-significant-impact-on-your-application,https://www.crimsoneducation.org/us/blog/what-looks-good-on-college-applications/
how to stand out in college applications,things that look good on a college application,110,9,Informational,"People Also Ask, AI Overview, Site Links, Video, Related Searches","0.64,0.82,0.52,0.64,0.41,0.41,0.64,0.82,0.64,0.64,0.82,1.00",0,https://www.fontbonne.edu/how-to-stand-out-on-college-applications/,https://www.reddit.com/r/ApplyingToCollege/comments/gkjasv/how_to_get_noticed_and_stand_out_during_the/,https://www.princetonreview.com/college-advice/what-looks-good-on-college-applications,https://www.careervillage.org/questions/816085/what-are-the-best-ways-to-stand-out-in-college-applications-without-burning-myself-out-from-too-many-extracurricular-activities,https://www.stjohns.edu/news-media/johnnies-blog/how-stand-out-college-applications-and-impress-admissions-officers,https://www.wyzant.com/resources/answers/946446/how-can-i-stand-out-in-the-highly-competitive-college-admissions-pool,https://www.quadeducationgroup.com/blog/how-to-stand-out-in-college-applications,https://talk.collegeconfidential.com/t/how-to-stand-out-with-a-boring-application/3672343,https://summer.harvard.edu/blog/12-strategies-to-writing-the-perfect-college-essay/,https://www.quora.com/What-are-some-ways-to-make-your-college-application-stand-out-Can-you-share-any-personal-experiences-that-made-a-significant-impact-on-your-application
college preparation checklist for high school students,college admissions preparation,30,25,Informational,"Discussions And Forums, AI Overview, Site Links, Video, Related Searches","0.42,0.42,0.57,0.57,0.57,0.00,0.57,0.71,0.42,0.71,0.28,0.57",0,https://studentaid.gov/resources/prepare-for-college/checklists,https://www.connectionsacademy.com/support/resources/article/getting-ready-for-college/,https://bigfuture.collegeboard.org/checklist,https://www.nacacnet.org/preparing-for-college-junior-year-checklist/,https://files.eric.ed.gov/fulltext/ED542097.pdf,https://www.gafutures.org/college-planning/college-decision-guide/college-planning-timeline/college-prep-checklists/,https://www.ohe.state.mn.us/mPg.cfm?pageID=1176,https://mylosfa.la.gov/resources/my-college-advocate/high-school-preparedness-timeline/,https://collegesofdistinction.com/advice/freshmen-through-senior-year-high-school-checklist/,https://www.utep.edu/student-affairs/scholarships/_Files/images/college-prep-checklist.pdf
getting ready for college checklist,college admissions preparation,30,24,Informational,"Image Pack, Video Carousel, People Also Ask, Discussions And Forums, AI Overview, Site Links, Video, Related Searches","0.02,0.02,0.04,0.04,0.04,0.05,0.02,0.04,0.00,0.05,0.02,0.05",0,https://studentaid.gov/resources/prepare-for-college/checklists,https://schoolhouseconnection.org/article/getting-ready-to-go-to-college-a-checklist,https://www.bestcolleges.com/blog/first-year-college-checklist/,https://www.connectionsacademy.com/support/resources/article/getting-ready-for-college/,https://www.nacacnet.org/preparing-for-college-junior-year-checklist/,https://oregongoestocollege.org/prepare/students,https://www.utep.edu/student-affairs/scholarships/_Files/images/college-prep-checklist.pdf,https://www.sallie.com/resources/colleges/preparing-for-college-checklist-for-high-school-seniors,https://bigfuture.collegeboard.org/checklist,https://www.gafutures.org/college-planning/college-decision-guide/college-planning-timeline/college-prep-checklists/
college checklist for high school students,college admissions preparation,40,29,Informational,"Image Pack, Video Carousel, People Also Ask, Discussions And Forums, Site Links, Video, Related Searches","0.45,0.36,0.45,0.63,0.63,0.45,0.09,0.18,0.18,0.18,0.09,0.45",0,https://www.connectionsacademy.com/support/resources/article/getting-ready-for-college/,https://studentaid.gov/resources/prepare-for-college/checklists,https://bigfuture.collegeboard.org/checklist,https://www.nacacnet.org/preparing-for-college-senior-year-checklist/,https://www.sallie.com/resources/colleges/preparing-for-college-checklist-for-high-school-seniors,https://www.massedco.org/programs-tools/ultimate-college-checklist-high-school,https://www.nacacnet.org/preparing-for-college-junior-year-checklist/,https://www.parchment.com/resources/senior-year-college-preparation-checklist-interactive/,https://thescholarshipsystem.com/blog-for-students-families/senior-year-checklist/,https://mylosfa.la.gov/resources/my-college-advocate/high-school-preparedness-timeline/
college readiness checklist,college admissions preparation,40,19,Informational,"Image Pack, Knowledge Panel, Site Links, Video, Related Searches","0.77,0.77,0.77,0.55,0.55,0.44,0.77,0.22,0.00,0.44,0.11,0.44",0,https://studentaid.gov/resources/prepare-for-college/checklists,https://www.pitt.k12.nc.us/cms/lib/NC01001178/Centricity/Domain/26/College_Readiness_Checklist_Digital.pdf,https://files.eric.ed.gov/fulltext/ED542097.pdf,https://uncf.org/the-latest/outreach-toolkit-college-readiness-checklist,https://goingmerry.com/blog/college-readiness-checklist/,https://bigfuture.collegeboard.org/checklist,https://www.nationalhonorsociety.org/parents/college-admission-planning/a-parents-college-checklist/,https://oregongoestocollege.org/prepare/students,https://www.connectionsacademy.com/support/resources/article/getting-ready-for-college/,https://www.nacacnet.org/preparing-for-college-junior-year-checklist/
college planning checklist,college admissions preparation,70,22,Informational,"Image Pack, Video Carousel, Video, Related Searches","0.10,0.07,0.07,0.01,0.02,0.07,0.12,0.07,0.15,0.04,0.07,0.12",0,https://bigfuture.collegeboard.org/checklist,https://studentaid.gov/resources/prepare-for-college/checklists,https://www.bestcolleges.com/wp-content/uploads/2021/11/BestColleges-College-Planning-Checklist.pdf,https://www.nacacnet.org/preparing-for-college-junior-year-checklist/,https://highered.ohio.gov/students/high-school-students/college-planning-checklists,https://secure-media.collegeboard.org/CollegePlanning/media/pdf/BigFuture-College-Planning-9th-10th-Graders.pdf,https://oregongoestocollege.org/prepare/students,https://www.connectionsacademy.com/support/resources/article/getting-ready-for-college/,https://www.calcareercenter.org/content/379/preparing-for-college,https://www.isac.org/counselors/processes/planning/college-bound-checklist/
preparing for college checklist,college admissions preparation,170,29,Informational,"People Also Ask, Knowledge Panel, Site Links, Related Searches","0.35,0.43,0.43,0.53,0.53,0.53,0.66,0.35,0.35,0.35,0.43,0.43",0,https://studentaid.gov/resources/prepare-for-college/checklists,https://schoolhouseconnection.org/article/getting-ready-to-go-to-college-a-checklist,https://www.nacacnet.org/preparing-for-college-junior-year-checklist/,https://www.utep.edu/student-affairs/scholarships/_Files/images/college-prep-checklist.pdf,https://www.connectionsacademy.com/support/resources/article/getting-ready-for-college/,https://oregongoestocollege.org/prepare/students,https://bigfuture.collegeboard.org/checklist,https://www.bestcolleges.com/blog/first-year-college-checklist/,https://www.gafutures.org/college-planning/college-decision-guide/college-planning-timeline/college-prep-checklists/,https://www.nacacnet.org/preparing-for-college-senior-year-checklist/
preparing for college,college admissions preparation,480,42,Informational,"Image Pack, People Also Ask, AI Overview, Site Links, Video, Related Searches","0.32,0.32,0.32,0.32,0.26,0.32,0.39,0.32,0.39,0.39,1.00,1.00",0,https://studentaid.gov/resources/prepare-for-college,https://www.up.edu/ready-for-college/how-to-prepare-for-college.html,https://schoolhouseconnection.org/article/getting-ready-to-go-to-college-a-checklist,https://www.schev.edu/students/preparing-for-college,https://financialaidtoolkit.ed.gov/tk/learn/prepare.jsp,https://www.cfnc.org/plan-your-future/plan-for-college/,https://www.nacacnet.org/preparing-for-college-junior-year-checklist/,https://www.reddit.com/r/college/comments/p04ei9/how_do_you_guys_prep_for_college/,https://studentaid.gov/resources/prepare-for-college/checklists,https://www.ohe.state.mn.us/mPg.cfm?pageID=1176
college prep checklist,college admissions preparation,210,22,Informational,"Image Pack, Video Carousel, Discussions And Forums, Knowledge Panel, Site Links, Video, Related Searches","0.02,0.03,0.04,0.04,0.03,0.04,0.05,0.04,1.00,0.03,0.03,0.04",0,https://studentaid.gov/resources/prepare-for-college/checklists,https://www.utep.edu/student-affairs/scholarships/_Files/images/college-prep-checklist.pdf,https://bigfuture.collegeboard.org/checklist,https://www.nacacnet.org/preparing-for-college-junior-year-checklist/,https://www.connectionsacademy.com/support/resources/article/getting-ready-for-college/,https://files.eric.ed.gov/fulltext/ED542097.pdf,https://www.gafutures.org/college-planning/college-decision-guide/college-planning-timeline/college-prep-checklists/,https://schoolhouseconnection.org/article/getting-ready-to-go-to-college-a-checklist,https://www.nacacnet.org/preparing-for-college-senior-year-checklist/,https://www.calcareercenter.org/content/379/preparing-for-college
college application advice,college application guide,30,34,Informational,"Image Pack, People Also Ask, Short Videos, AI Overview, Site Links, Video, Related Searches","0.28,0.28,0.28,0.71,0.00,0.42,0.42,0.71,0.71,1.00,0.28,0.00",0,https://bigfuture.collegeboard.org/plan-for-college/apply-to-college/application-process/tips-for-preparing-your-college-application,https://college.harvard.edu/student-life/student-stories/tips-applying-college,https://www.princetonreview.com/college-advice/national-college-decision-day-advice,https://www.reddit.com/r/ApplyingToCollege/comments/1d1t3ik/whats_the_best_tip_someone_has_told_you_for/,https://www.collegeessayguy.com/blog/tips-to-increase-college-admission-chances,https://www.sallie.com/resources/colleges/college-application-and-essay-tips?utm_source=slmcom&utm_medium=web,https://www.bestcolleges.com/blog/tips-to-increase-college-admission-chances/,https://www.careervillage.org/questions/847584/what-are-some-tips-in-applying-for-college,https://www.usnews.com/education/best-colleges/articles/college-application-process,https://www.princetonreview.com/college-advice/what-looks-good-on-college-applications
college admission tips,college application help,30,31,Informational,"Image Pack, People Also Ask, Discussions And Forums, AI Overview, Site Links, Video, Related Searches","0.22,0.22,0.22,0.22,0.55,0.11,0.22,0.22,0.77,0.77,1.00,0.22",0,https://bigfuture.collegeboard.org/plan-for-college/apply-to-college/application-process/tips-for-preparing-your-college-application,https://www.collegeessayguy.com/blog/tips-to-increase-college-admission-chances,https://college.harvard.edu/student-life/student-stories/tips-applying-college,https://www.reddit.com/r/ApplyingToCollege/comments/1d1t3ik/whats_the_best_tip_someone_has_told_you_for/,https://www.sallie.com/resources/colleges/college-application-and-essay-tips?utm_source=slmcom&utm_medium=web,https://www.princetonreview.com/college-advice/national-college-decision-day-advice,https://www.bestcolleges.com/blog/tips-to-increase-college-admission-chances/,https://www.dbu.edu/blog/college-admissions-101-tips-high-school-students.html,https://www.quora.com/What-is-the-most-helpful-advice-you-received-when-applying-for-college-and-how-did-it-impact-your-acceptance-into-top-schools,https://www.princetonreview.com/college-advice/what-looks-good-on-college-applications
college admissions advice,college application help,40,33,Informational,"Image Pack, Video Carousel, People Also Ask, Discussions And Forums, AI Overview, Site Links, Video, Related Searches","0.27,0.18,0.00,0.36,0.00,0.63,0.36,0.45,0.63,0.63,0.00,1.00",0,https://college.harvard.edu/student-life/student-stories/tips-applying-college,https://bigfuture.collegeboard.org/plan-for-college/apply-to-college/application-process/tips-for-preparing-your-college-application,https://www.collegeessayguy.com/blog/tips-to-increase-college-admission-chances,https://www.reddit.com/r/ApplyingToCollege/comments/1d1t3ik/whats_the_best_tip_someone_has_told_you_for/,https://www.princetonreview.com/college-advice/national-college-decision-day-advice,https://www.usnews.com/education/best-colleges/articles/tips-to-impress-college-admissions-officers,https://www.vox.com/even-better/369659/college-application-advice-undergraduate-extracurricular-organization-stress,https://thecollegepanda.com/admissions-advice-from-students-who-have-overcome-the-odds/,https://www.ctkcollegecoach.com/college-admissions-blog/college-prep-tips-for-freshmen-and-sophomores,https://www.bestcolleges.com/blog/tips-to-increase-college-admission-chances/
college application tips,how do u apply to college,110,32,Informational,"Image Pack, People Also Ask, Short Videos, Site Links, Video, Related Searches","0.26,0.26,0.34,0.34,0.34,0.42,0.65,0.65,0.65,0.34,0.42,0.65",0,https://bigfuture.collegeboard.org/plan-for-college/apply-to-college/application-process/tips-for-preparing-your-college-application,https://www.sallie.com/resources/colleges/college-application-and-essay-tips?utm_source=slmcom&utm_medium=web,https://www.reddit.com/r/ApplyingToCollege/comments/1d1t3ik/whats_the_best_tip_someone_has_told_you_for/,https://college.harvard.edu/student-life/student-stories/tips-applying-college,https://www.princetonreview.com/college-advice/national-college-decision-day-advice,https://www.collegeessayguy.com/blog/tips-to-increase-college-admission-chances,https://www.siena.edu/news/story/5-essential-tips-for-completing-your-college-application/,https://www.commonapp.org/apply/first-year-students,https://www.bentley.edu/news/10-tips-applying-college,https://www.bestcolleges.com/blog/tips-to-increase-college-admission-chances/
what do you need to get into college,college application requirements,140,44,Informational,"People Also Ask, AI Overview, Site Links, Video, Related Searches","0.65,0.65,0.53,0.65,0.42,0.34,0.34,0.80,0.65,0.53,0.42,0.42",0,https://www.collegedata.com/resources/getting-in/what-do-colleges-look-for-in-students,https://bigfuture.collegeboard.org/plan-for-college/apply-to-college/college-applications-how-to-begin,https://www.nacacnet.org/high-school-classes-required-for-college-admission/,https://www.careervillage.org/questions/658287/how-do-i-get-into-a-college,https://www.youtube.com/watch?v=0793d7kPp7A,https://www.quora.com/What-do-we-require-for-admission-in-a-good-college-other-than-marks,https://bigfuture.collegeboard.org/plan-for-college/apply-to-college/application-process/college-application-checklist,https://learn.org/articles/What_are_the_Entrance_Requirements_for_a_4-Year_College.html,https://www.usnews.com/education/best-colleges/articles/college-application-process,https://www.bestcolleges.com/blog/tips-to-increase-college-admission-chances/
tips for applying to college,college application guide,260,38,Informational,"Image Pack, People Also Ask, AI Overview, Site Links, Video, Related Searches","0.05,0.07,0.05,0.04,0.03,0.04,0.03,1.00,0.05,0.04,0.02,0.03",0,https://bigfuture.collegeboard.org/plan-for-college/apply-to-college/application-process/tips-for-preparing-your-college-application,https://college.harvard.edu/student-life/student-stories/tips-applying-college,https://www.sallie.com/resources/colleges/college-application-and-essay-tips?utm_source=slmcom&utm_medium=web,https://www.princetonreview.com/college-advice/national-college-decision-day-advice,https://www.reddit.com/r/ApplyingToCollege/comments/1d1t3ik/whats_the_best_tip_someone_has_told_you_for/,https://www.collegeessayguy.com/blog/tips-to-increase-college-admission-chances,https://bigfuture.collegeboard.org/plan-for-college/apply-to-college/college-applications-how-to-begin,https://www.bestcolleges.com/blog/tips-to-increase-college-admission-chances/,https://www.usnews.com/education/best-colleges/articles/college-application-process,https://admissions.usf.edu/blog/college-application-tips-for-success
how many ecs should i list,extracurricular planning for college,260,17,Informational,"People Also Ask, AI Overview, Site Links, Reviews, Video, Featured Snippet, Related Searches","1.00,0.00,0.00,0.00,0.00,0.00,0.00,0.00",0,https://blog.prepscholar.com/how-many-extracurricular-activities-for-college,https://www.reddit.com/r/ApplyingToCollege/comments/15j3um0/how_many_extracurriculars_should_i_have/,https://www.quora.com/What-is-the-recommended-number-of-extra-curricular-activities-to-include-when-applying-to-college-How-can-one-determine-which-activities-to-include,https://www.collegevine.com/questions/55023/how-many-activities-should-i-list-in-my-common-app,https://blog.collegevine.com/breaking-down-the-4-tiers-of-extracurricular-activities,https://www.collegeraptor.com/getting-in/articles/questions-answers/how-many-extracurricular-activities-should-i-do-is-more-less-or-is-less-more/,https://ehindsight.com/questions/view/123/how-many-extracurricular-activities-is-too-much,https://talk.qa.collegeconfidential.com/t/how-many-ecs/356579,https://www.collegetransitions.com/blog/how-many-extracurricular-activities-do-i-need-for-college/,https://www.quadeducationgroup.com/blog/how-many-extracurriculars-should-i-have-for-college
does your extracurriculars have to be relevant,extracurricular planning for college,260,13,Informational,"People Also Ask, AI Overview, Site Links, Reviews, Video, Related Searches","1.00,0.00,0.00,0.00,0.00,0.00,0.00,0.00",0,https://www.quora.com/Do-you-think-the-extracurricular-that-are-irrelevant-to-the-major-should-matter-when-applying-to-college-Im-not-an-American-and-in-my-country-only-relevant-supercurriculars-matter-I-found-it-weird-and-harsh,https://www.reddit.com/r/ApplyingToCollege/comments/12omjl3/how_crucial_is_it_to_have_ecs_that_relate_to_what/,https://www.collegevine.com/questions/34145/does-my-extracurriculars-have-to-relate-to-my-intended-major-do-they-have-to-relate-to-each-other,https://www.collegeadvisor.com/resources/tailoring-extracurriculars-college-applications/,https://talk.collegeconfidential.com/t/extracurriculars-not-matching-intended-major/3592455,https://bigfuture.collegeboard.org/plan-for-college/stand-out-in-high-school/extracurriculars-matter-to-you-and-to-colleges,https://www.usnews.com/education/blogs/college-admissions-playbook/articles/how-colleges-weigh-high-school-extracurriculars,https://blog.collegevine.com/breaking-down-the-4-tiers-of-extracurricular-activities,https://www.careervillage.org/questions/843501/can-i-still-get-into-a-prestigious-college-without-extracurriculars,https://talk.collegeconfidential.com/t/do-my-extracurricular-need-to-be-with-the-school/3668479
how many extracurriculars should i have for college,how many extra curricular activities for college,320,19,Informational,"People Also Ask, AI Overview, Site Links, Reviews, Video, Related Searches","0.02,0.02,0.07,0.08,0.03,0.04,0.08,1.00,0.16,0.13,0.08,0.02",0,https://www.reddit.com/r/ApplyingToCollege/comments/15j3um0/how_many_extracurriculars_should_i_have/,https://www.collegetransitions.com/blog/how-many-extracurricular-activities-do-i-need-for-college/,https://www.collegevine.com/faq/33497/how-many-extracurricular-activities-do-colleges-generally-expect,https://www.quora.com/What-is-the-recommended-number-of-extra-curricular-activities-to-include-when-applying-to-college-How-can-one-determine-which-activities-to-include,https://www.collegeraptor.com/getting-in/articles/questions-answers/how-many-extracurricular-activities-should-i-do-is-more-less-or-is-less-more/,https://blog.collegevine.com/breaking-down-the-4-tiers-of-extracurricular-activities,https://projects.iq.harvard.edu/pre/you-need-many-extracurricular-activities-possible-stand-out,https://www.careervillage.org/questions/629327/how-many-extracurriculars-should-i-be-involved-in-for-my-college-applications,https://blog.prepscholar.com/how-many-extracurricular-activities-for-college,https://talk.qa.collegeconfidential.com/t/how-many-extracurricular-activities-should-a-college-student-do/971586
how many extracurriculars should i have,how many ecs should i list,320,18,Informational,"People Also Ask, Site Links, Reviews, Video, Related Searches","0.54,0.44,0.44,0.08,0.18,0.44,0.66,0.81,0.66,0.28,0.54,0.81",0,https://www.reddit.com/r/ApplyingToCollege/comments/15j3um0/how_many_extracurriculars_should_i_have/,https://www.collegetransitions.com/blog/how-many-extracurricular-activities-do-i-need-for-college/,https://www.collegevine.com/faq/33497/how-many-extracurricular-activities-do-colleges-generally-expect,https://www.quadeducationgroup.com/blog/how-many-extracurriculars-should-i-have-for-college,https://www.quora.com/What-is-the-recommended-number-of-extra-curricular-activities-to-include-when-applying-to-college-How-can-one-determine-which-activities-to-include,https://projects.iq.harvard.edu/pre/you-need-many-extracurricular-activities-possible-stand-out,https://www.careervillage.org/questions/629327/how-many-extracurriculars-should-i-be-involved-in-for-my-college-applications,https://www.collegevine.com/faq/6309/how-many-extracurriculars-do-ivy-league-schools-expect-applicants-to-have,https://blog.prepscholar.com/how-many-extracurricular-activities-for-college,https://www.careervillage.org/questions/552028/how-many-extracurriculars-should-i-have
how many extra curricular activities for college,extracurricular planning for college,110,27,Informational,"People Also Ask, AI Overview, Site Links, Reviews, Video, Related Searches","0.65,0.53,0.65,0.42,0.53,0.42,0.65,0.80,0.42,0.15,0.19,0.11",0,https://www.reddit.com/r/ApplyingToCollege/comments/15j3um0/how_many_extracurriculars_should_i_have/,https://blog.collegevine.com/breaking-down-the-4-tiers-of-extracurricular-activities,https://bigfuture.collegeboard.org/plan-for-college/stand-out-in-high-school/extracurriculars-matter-to-you-and-to-colleges,https://www.quora.com/What-is-the-recommended-number-of-extra-curricular-activities-to-include-when-applying-to-college-How-can-one-determine-which-activities-to-include,https://www.usnews.com/education/blogs/college-admissions-playbook/articles/how-colleges-weigh-high-school-extracurriculars,https://projects.iq.harvard.edu/pre/you-need-many-extracurricular-activities-possible-stand-out,https://www.collegeraptor.com/getting-in/articles/questions-answers/how-many-extracurricular-activities-should-i-do-is-more-less-or-is-less-more/,https://www.careervillage.org/questions/629327/how-many-extracurriculars-should-i-be-involved-in-for-my-college-applications,https://www.kingseducation.com/kings-life/best-extracurricular-activities-college-applications,https://www.collegetransitions.com/blog/how-many-extracurricular-activities-do-i-need-for-college/
extracurricular activities for ivy league,ecs for college,30,19,"Informational, Commercial","Image Pack, People Also Ask, Site Links, Reviews, Video, Related Searches","0.75,0.75,1.00,0.75,0.75,0.50,1.00,0.75,0.50,0.75,0.50,0.50",0,https://www.reddit.com/r/ApplyingToCollege/comments/1ay3sbh/what_ecs_actually_get_you_into_ivy_league/,https://www.quadeducationgroup.com/blog/best-extracurricular-activities-for-ivy-league,https://www.ivycoach.com/the-ivy-coach-blog/college-admissions/what-are-the-best-extracurriculars-for-college/,https://blog.collegevine.com/extracurriculars-for-ivy-league,https://www.youtube.com/watch?v=0K5r_7KMmRk,https://www.quora.com/How-do-I-do-extracurriculars-for-Ivy-Leagues-I-mean-every-extra-curricular-activities-needs-to-be-done-socially-but-as-an-introvert-I-find-them-very-difficult-How-do-I-overcome-this,https://talk.collegeconfidential.com/t/extracurricular-activities-for-an-ivy-league-school/3672560,https://collegeadmissionsecrets.quora.com/What-extracurriculars-can-I-do-in-my-sophomore-year-to-get-into-an-Ivy-League,https://www.youtube.com/watch?v=tCqzdclQJSU&pp=0gcJCdgAo7VqN5tD,https://blog.getintocollege.com/9-things-ivy-league-colleges-look-for-in-extracurricular-activities
extracurriculars that got me into ivy league,ecs for college,30,16,Informational,"Image Pack, People Also Ask, AI Overview, Site Links, Video, Related Searches, People Also Search","0.18,0.18,0.18,0.18,0.18,0.18,0.18,0.18,0.18,0.27,0.27,1.00",0,https://www.reddit.com/r/ApplyingToCollege/comments/1ay3sbh/what_ecs_actually_get_you_into_ivy_league/,https://www.quora.com/What-are-the-type-of-extracurriculars-that-people-who-get-into-ivy-leagues-put-in-their-college-applications,https://www.ivycoach.com/the-ivy-coach-blog/college-admissions/what-are-the-best-extracurriculars-for-college/,https://blog.collegevine.com/extracurriculars-for-ivy-league,https://www.youtube.com/watch?v=lRdw0KOpe4U,https://collegeadmissionsecrets.quora.com/What-extracurriculars-can-I-do-in-my-sophomore-year-to-get-into-an-Ivy-League,https://www.collegevine.com/questions/10244/extracurriculars-summer-programs-to-get-into-an-ivy-league-school,https://www.tiktok.com/discover/extracurricular-that-got-me-into-ivy,https://www.quadeducationgroup.com/blog/best-extracurricular-activities-for-ivy-league,https://talk.collegeconfidential.com/t/extracurricular-activities-for-an-ivy-league-school/3672560
best extracurriculars for ivy league,ecs for college,70,25,"Informational, Commercial","People Also Ask, AI Overview, Site Links, Reviews, Video, Related Searches","0.17,0.23,0.28,0.23,0.07,0.07,0.17,0.10,0.17,0.10,0.28,0.28",0,https://www.reddit.com/r/ApplyingToCollege/comments/1ay3sbh/what_ecs_actually_get_you_into_ivy_league/,https://www.ivycoach.com/the-ivy-coach-blog/college-admissions/what-are-the-best-extracurriculars-for-college/,https://www.quadeducationgroup.com/blog/best-extracurricular-activities-for-ivy-league,https://blog.collegevine.com/extracurriculars-for-ivy-league,https://www.youtube.com/watch?v=lRdw0KOpe4U,https://www.quora.com/What-are-the-type-of-extracurriculars-that-people-who-get-into-ivy-leagues-put-in-their-college-applications,https://www.youtube.com/watch?v=tCqzdclQJSU&pp=0gcJCdgAo7VqN5tD,https://talk.collegeconfidential.com/t/extracurricular-activities-for-an-ivy-league-school/3672560,https://www.forbes.com/sites/christopherrim/2024/08/07/how-to-craft-an-ivy-league-worthy-activities-list/,https://collegeadmissionsecrets.quora.com/What-extracurriculars-can-I-do-in-my-sophomore-year-to-get-into-an-Ivy-League
extracurriculars for ivy league,ecs for college,90,20,Informational,"People Also Ask, AI Overview, Site Links, Video, Related Searches","0.12,0.10,0.12,0.12,0.12,0.10,0.12,0.17,0.53,1.00,0.23,0.23",0,https://www.reddit.com/r/ApplyingToCollege/comments/1ay3sbh/what_ecs_actually_get_you_into_ivy_league/,https://www.ivycoach.com/the-ivy-coach-blog/college-admissions/what-are-the-best-extracurriculars-for-college/,https://www.quadeducationgroup.com/blog/best-extracurricular-activities-for-ivy-league,https://talk.collegeconfidential.com/t/extracurricular-activities-for-an-ivy-league-school/3672560,https://www.youtube.com/watch?v=0K5r_7KMmRk,https://www.quora.com/How-do-I-do-extracurriculars-for-Ivy-Leagues-I-mean-every-extra-curricular-activities-needs-to-be-done-socially-but-as-an-introvert-I-find-them-very-difficult-How-do-I-overcome-this,https://blog.getintocollege.com/9-things-ivy-league-colleges-look-for-in-extracurricular-activities,https://blog.collegevine.com/extracurriculars-for-ivy-league,https://collegeadmissionsecrets.quora.com/What-extracurriculars-can-I-do-in-my-sophomore-year-to-get-into-an-Ivy-League,https://www.youtube.com/watch?v=tCqzdclQJSU
best extracurricular activities for ivy league,ecs for college,260,29,"Informational, Commercial","People Also Ask, AI Overview, Site Links, Reviews, Video, Related Searches","0.54,0.54,0.66,0.54,0.43,0.54,0.66,0.66,0.54,0.43,0.54,0.66",0,https://www.reddit.com/r/ApplyingToCollege/comments/1ay3sbh/what_ecs_actually_get_you_into_ivy_league/,https://www.ivycoach.com/the-ivy-coach-blog/college-admissions/what-are-the-best-extracurriculars-for-college/,https://www.quadeducationgroup.com/blog/best-extracurricular-activities-for-ivy-league,https://www.youtube.com/watch?v=lRdw0KOpe4U,https://www.quora.com/What-are-the-type-of-extracurriculars-that-people-who-get-into-ivy-leagues-put-in-their-college-applications,https://blog.collegevine.com/extracurriculars-for-ivy-league,https://www.youtube.com/watch?v=tCqzdclQJSU&pp=0gcJCdgAo7VqN5tD,https://talk.collegeconfidential.com/t/extracurricular-activities-for-an-ivy-league-school/3672560,https://www.forbes.com/sites/christopherrim/2024/08/07/how-to-craft-an-ivy-league-worthy-activities-list/,https://www.youtube.com/watch?v=vOcUj55U8ec
how many extracurriculars should i have for ivy league,how many ecs should i list,70,17,Informational,"People Also Ask, AI Overview, Site Links, Video, Related Searches, People Also Search","0.63,0.45,0.63,0.63,0.45,0.45,0.63,1.00,0.81,0.63,0.81,0.45",0,https://www.collegevine.com/faq/6309/how-many-extracurriculars-do-ivy-league-schools-expect-applicants-to-have,https://www.quora.com/How-many-extracurricular-activities-are-recommended-in-order-to-get-into-Ivy-League-schools,https://www.reddit.com/r/ApplyingToCollege/comments/1ay3sbh/what_ecs_actually_get_you_into_ivy_league/,https://www.quadeducationgroup.com/blog/best-extracurricular-activities-for-ivy-league,https://www.quadeducationgroup.com/blog/how-many-extracurriculars-should-i-have-for-college,https://www.youtube.com/watch?v=0K5r_7KMmRk,https://www.collegevine.com/faq/6269/is-it-enough-to-have-6-extracurriculars-for-ivy-league-admission,https://collegeadmissionsecrets.quora.com/What-extracurriculars-can-I-do-in-my-sophomore-year-to-get-into-an-Ivy-League,https://www.ivycoach.com/the-ivy-coach-blog/extracurricular-activities/are-extracurriculars-important-college-admissions/,https://www.ivycoach.com/the-ivy-coach-blog/college-admissions/what-are-the-best-extracurriculars-for-college/
do you need extracurriculars for college,extracurricular planning for college,50,20,Informational,"People Also Ask, AI Overview, Site Links, Video, Related Searches","0.82,0.64,0.41,0.00,0.11,0.00,0.52,1.00,0.29,0.05,0.00,0.00",0,https://www.reddit.com/r/ApplyingToCollege/comments/ftsfp1/does_it_matter_if_you_have_absolutely_no/,https://www.careervillage.org/questions/843501/can-i-still-get-into-a-prestigious-college-without-extracurriculars,https://www.quora.com/Will-I-not-get-accepted-into-colleges-because-I-had-no-extracurriculars,http://blog.prepscholar.com/no-extracurricular-activities-what-you-should-do,https://www.collegevine.com/questions/38923/i-have-no-extracurriculars-and-im-graduating-in-2-years-i-like-books-not-really-sports-what-do-i-do,https://bigfuture.collegeboard.org/plan-for-college/stand-out-in-high-school/extracurriculars-matter-to-you-and-to-colleges,https://www.quadeducationgroup.com/blog/no-extracurricular-activities-for-college,https://www.collegetransitions.com/blog/no-extracurricular-activities-for-college/,https://www.usnews.com/education/blogs/college-admissions-playbook/articles/how-colleges-weigh-high-school-extracurriculars,https://www.bestcolleges.com/blog/best-extracurriculars-college-applications/
can you get into college without extracurriculars,do you need extracurriculars for college,50,12,Informational,"People Also Ask, Site Links, Video, Related Searches","0.63,0.45,0.81,0.63,0.36,0.18,0.81,0.45,0.81,0.63,0.00,0.00",0,https://www.reddit.com/r/ApplyingToCollege/comments/ftsfp1/does_it_matter_if_you_have_absolutely_no/,https://www.careervillage.org/questions/843501/can-i-still-get-into-a-prestigious-college-without-extracurriculars,https://www.quora.com/Will-I-not-get-accepted-into-colleges-because-I-had-no-extracurriculars,https://www.quadeducationgroup.com/blog/no-extracurricular-activities-for-college,https://www.collegetransitions.com/blog/no-extracurricular-activities-for-college/,http://blog.prepscholar.com/no-extracurricular-activities-what-you-should-do,https://www.collegevine.com/questions/38923/i-have-no-extracurriculars-and-im-graduating-in-2-years-i-like-books-not-really-sports-what-do-i-do,https://talk.collegeconfidential.com/t/whats-the-best-college-i-can-get-into-without-extracurriculars/1743167,https://empowerly.com/grade-levels/are-you-a-senior-with-no-extracurricular-activities-its-not-hopeless/,https://www.collegevine.com/c/junior/51771/how-do-i-stand-out-to-colleges-if-i-do-not-have-extracurricular-activities
i have good grades but no extracurriculars,do you need extracurriculars for college,50,9,Informational,"Image Pack, People Also Ask, AI Overview, Site Links, Reviews, Video, Related Searches","0.33,0.42,0.33,0.19,0.14,0.09,0.33,0.42,0.09,0.23,0.09,0.19",0,https://www.reddit.com/r/ApplyingToCollege/comments/ftsfp1/does_it_matter_if_you_have_absolutely_no/,https://www.quadeducationgroup.com/blog/no-extracurricular-activities-for-college,https://www.quora.com/Will-I-not-get-accepted-into-colleges-because-I-had-no-extracurriculars,http://blog.prepscholar.com/no-extracurricular-activities-what-you-should-do,https://www.collegevine.com/faq/53321/good-grades-but-no-extracurriculars,https://www.careervillage.org/questions/843501/can-i-still-get-into-a-prestigious-college-without-extracurriculars,https://talk.qa.collegeconfidential.com/t/good-grades-but-no-extracurricular-activities-am-i-screwed/1948419,https://empowerly.com/grade-levels/are-you-a-senior-with-no-extracurricular-activities-its-not-hopeless/,https://www.collegevine.com/questions/38840/what-can-i-do-if-i-had-zero-extracurriculars-the-first-half-of-high-school,https://www.supercollege.com/expert/experts.cfm?page=3&expert=6&story=490&topic=23&title=What-are-my-chances-of-getting-in-with-good-grades-but-no-school-extracurriculars?